Machine_ID,Temperature,Pressure,Vibration,Current,Sensor_Type
M-207,73.55,97.04,0.522,15.61,TypeC
M-034,68.83,96.61,0.457,12.8,TypeC
M-164,69.54,101.07,0.49,13.26,TypeA
M-079,72.28,110.95,0.594,13.42,TypeC
M-094,71.02,109.16,0.562,14.32,TypeB
M-230,74.04,95.48,0.472,15.33,TypeA
M-026,72.33,93.93,0.449,13.48,TypeC
M-010,73.63,98.99,0.65,17.16,TypeB
M-064,68.41,102.01,0.446,15.71,TypeB
M-083,76.43,89.38,0.448,14.03,TypeB
M-168,77.69,103.79,0.677,16.16,TypeC
M-194,68.26,95.69,0.372,15.05,TypeC
M-158,73.42,94.82,0.518,16.17,TypeB
M-061,70.56,102.6,0.443,15.64,TypeB
M-146,74.35,103.35,0.427,15.88,TypeB
M-199,72.17,95.62,0.503,15.92,TypeB
M-214,73.95,95.46,0.52,15.5,TypeA
M-280,70.84,105.72,0.619,13.9,TypeC
M-255,67.44,101.69,0.642,16.64,TypeB
M-043,71.65,101.22,0.474,15.65,TypeA
M-006,71.3,100.59,0.688,15.05,TypeB
M-240,74.56,97.12,0.479,15.7,TypeA
M-228,68.77,100.24,0.448,14.25,TypeC
M-165,74.89,99.44,0.615,14.64,TypeC
M-296,69.92,97.45,0.565,15.44,TypeA
M-275,69.06,104.15,0.497,14.25,TypeA
M-120,74.26,100.34,0.494,15.42,TypeB
M-300,73.89,101.89,0.418,16.36,TypeB
M-077,72.26,104.36,0.389,14.55,TypeC
M-149,73.57,97.43,0.439,16.48,TypeC
M-308,106.36,183.46,1.705,33.84,TypeC
M-153,69.96,95.07,0.402,15.49,TypeC
M-058,71.07,98.56,0.498,15.46,TypeC
M-276,73.39,88.94,0.679,14.72,TypeC
M-281,72.34,101.69,0.753,15.18,TypeC
M-298,72.92,95.11,0.515,15.55,TypeB
M-114,79.39,106.39,0.54,14.31,TypeA
M-004,76.57,103.05,0.636,16.28,TypeB
M-311,125.2,194.51,2.142,37.1,TypeA
M-112,71.92,94.38,0.49,15.2,TypeB
M-220,72.25,103.76,0.607,16.05,TypeA
M-105,71.52,97.75,0.344,15.7,TypeB
M-085,69.57,96.2,0.378,15.0,TypeA
M-078,71.1,100.92,0.675,12.58,TypeB
M-047,70.62,92.76,0.23,13.47,TypeB
M-046,69.84,101.16,0.473,13.93,TypeA
M-018,72.94,98.45,0.573,15.19,TypeB
M-181,73.88,99.36,0.518,14.65,TypeB
M-184,73.45,101.02,0.561,17.08,TypeC
M-141,72.68,101.92,0.316,16.68,TypeA
M-025,70.37,94.97,0.659,16.2,TypeA
M-074,76.69,104.8,0.463,14.35,TypeB
M-205,67.87,96.75,0.457,16.11,TypeB
M-109,72.77,100.6,0.292,16.05,TypeB
M-091,72.29,95.51,0.464,15.21,TypeB
M-117,71.9,107.76,0.511,14.35,TypeC
M-305,124.58,163.82,2.392,31.59,TypeA
M-008,74.3,97.04,0.376,15.75,TypeB
M-293,70.23,102.39,0.607,14.4,TypeC
M-185,71.33,96.22,0.556,15.38,TypeA
M-270,72.39,98.24,0.701,15.85,TypeA
M-174,73.02,106.83,0.597,13.72,TypeC
M-297,74.7,98.65,0.483,14.98,TypeA
M-222,66.4,102.72,0.641,16.19,TypeB
M-133,68.81,98.65,0.541,15.4,TypeB
M-156,69.86,96.04,0.763,14.33,TypeA
M-095,70.82,105.9,0.559,14.0,TypeB
M-246,71.0,96.02,0.549,15.02,TypeA
M-076,74.47,96.16,0.422,13.11,TypeB
M-148,68.04,95.3,0.424,13.42,TypeC
M-234,70.05,93.94,0.423,15.45,TypeB
M-263,62.28,104.36,0.655,13.61,TypeB
M-209,73.55,100.24,0.626,14.38,TypeB
M-115,71.42,101.66,0.496,16.74,TypeB
M-144,72.55,99.55,0.503,14.96,TypeA
M-212,75.41,99.75,0.456,15.22,TypeC
M-233,72.14,99.67,0.4,16.61,TypeB
M-262,71.82,110.38,0.348,17.29,TypeC
M-060,74.93,95.86,0.486,15.45,TypeA
M-110,71.78,102.57,0.67,14.46,TypeB
M-007,76.74,106.39,0.423,13.64,TypeA
M-299,74.44,97.78,0.621,15.22,TypeB
M-031,70.19,99.94,0.331,14.44,TypeB
M-023,72.2,95.91,0.688,15.13,TypeA
M-268,67.71,94.96,0.533,15.56,TypeA
M-057,69.48,99.91,0.501,15.34,TypeA
M-256,70.55,97.94,0.443,16.01,TypeB
M-200,68.57,93.09,0.503,15.35,TypeC
M-250,73.21,96.98,0.447,14.15,TypeA
M-183,68.79,91.97,0.538,14.68,TypeB
M-254,75.1,101.27,0.619,13.68,TypeA
M-295,73.07,105.19,0.638,13.41,TypeB
M-145,72.78,93.48,0.552,14.83,TypeC
M-177,72.04,102.88,0.427,13.44,TypeA
M-102,70.74,97.0,0.605,15.92,TypeC
M-257,75.8,97.56,0.417,14.31,TypeB
M-067,71.78,101.12,0.475,14.32,TypeA
M-127,69.03,95.18,0.502,15.04,TypeB
M-019,69.28,101.62,0.548,14.55,TypeC
M-180,80.16,105.6,0.562,15.85,TypeA
M-313,110.6,163.83,2.539,40.38,TypeB
M-020,67.76,99.35,0.522,15.19,TypeB
M-155,72.88,97.35,0.405,14.45,TypeB
M-093,69.89,93.4,0.392,14.75,TypeB
M-080,66.04,95.96,0.627,15.76,TypeC
M-226,75.27,90.98,0.645,13.85,TypeC
M-302,118.99,192.9,2.32,44.49,TypeC
M-073,71.89,107.26,0.466,15.84,TypeB
M-097,72.89,91.43,0.533,16.8,TypeC
M-016,70.31,100.11,0.513,15.28,TypeA
M-011,70.61,98.91,0.565,14.69,TypeB
M-176,74.48,98.75,0.343,14.51,TypeC
M-125,73.76,103.23,0.517,16.73,TypeC
M-098,72.78,106.77,0.375,15.64,TypeB
M-069,73.08,100.49,0.235,14.96,TypeC
M-247,70.58,102.89,0.529,13.9,TypeA
M-038,66.12,98.39,0.507,15.71,TypeA
M-017,68.96,103.41,0.511,15.61,TypeC
M-056,74.79,94.99,0.506,16.12,TypeB
M-224,67.16,102.85,0.464,13.86,TypeA
M-285,78.4,100.91,0.568,14.01,TypeB
M-068,75.01,100.06,0.65,16.8,TypeA
M-119,75.43,105.9,0.464,14.68,TypeA
M-173,71.77,92.42,0.563,15.08,TypeC
M-070,70.06,96.13,0.609,13.57,TypeC
M-032,77.56,95.51,0.653,16.88,TypeB
M-204,75.16,102.81,0.454,14.86,TypeA
M-166,73.24,98.9,0.43,13.88,TypeC
M-248,70.04,98.98,0.746,13.56,TypeA
M-126,78.57,106.84,0.482,15.44,TypeA
M-178,76.36,101.56,0.475,14.57,TypeA
M-087,74.75,101.71,0.476,16.5,TypeB
M-266,68.26,97.96,0.461,17.44,TypeA
M-198,72.46,99.05,0.568,13.0,TypeA
M-267,76.9,89.81,0.529,16.38,TypeC
M-138,71.03,93.1,0.598,13.54,TypeC
M-227,72.19,91.86,0.658,15.3,TypeA
M-140,68.31,99.72,0.601,16.05,TypeB
M-203,75.25,93.01,0.51,17.09,TypeC
M-147,68.29,101.83,0.519,15.65,TypeB
M-245,68.4,87.64,0.517,14.83,TypeA
M-130,70.49,91.21,0.422,13.98,TypeA
M-039,68.02,102.06,0.371,15.24,TypeC
M-301,101.3,170.99,2.411,32.08,TypeB
M-187,73.42,96.77,0.583,16.03,TypeB
M-304,118.05,186.7,2.086,35.48,TypeC
M-113,72.18,92.33,0.446,17.08,TypeA
M-186,74.14,92.89,0.608,15.43,TypeC
M-118,68.49,100.58,0.515,14.52,TypeB
M-292,70.52,97.61,0.551,13.67,TypeC
M-286,66.14,101.24,0.685,15.94,TypeC
M-182,69.43,95.22,0.366,14.65,TypeC
M-195,72.52,107.62,0.392,15.73,TypeA
M-197,69.35,94.81,0.496,15.08,TypeB
M-003,73.94,103.74,0.587,15.03,TypeB
M-116,72.9,96.26,0.61,15.2,TypeA
M-159,68.43,97.23,0.414,15.54,TypeC
M-196,73.16,102.69,0.605,14.92,TypeA
M-121,74.37,110.3,0.531,15.52,TypeB
M-232,72.65,91.69,0.408,15.42,TypeA
M-273,75.49,101.63,0.362,15.1,TypeA
M-128,70.3,103.43,0.535,15.12,TypeA
M-075,64.14,110.77,0.359,14.55,TypeC
M-030,71.12,103.14,0.609,14.93,TypeB
M-084,70.45,97.37,0.549,14.95,TypeC
M-261,69.22,101.45,0.52,12.5,TypeB
M-108,72.52,99.29,0.675,15.64,TypeB
M-169,71.26,97.35,0.437,14.53,TypeA
M-259,73.33,101.97,0.445,15.98,TypeC
M-134,73.42,103.59,0.33,15.65,TypeA
M-210,83.56,95.85,0.411,16.91,TypeC
M-238,72.56,98.08,0.4,13.77,TypeA
M-291,71.38,100.36,0.582,15.11,TypeC
M-066,76.07,97.99,0.511,16.44,TypeA
M-219,70.54,100.5,0.508,15.2,TypeA
M-086,70.49,100.75,0.571,13.84,TypeB
M-235,78.43,96.74,0.497,14.76,TypeB
M-160,73.97,94.01,0.57,14.63,TypeB
M-013,72.73,104.13,0.528,15.25,TypeC
M-036,68.34,99.26,0.335,14.5,TypeC
M-029,70.2,103.12,0.506,16.57,TypeC
M-171,69.33,98.62,0.571,14.95,TypeB
M-143,67.18,89.66,0.438,16.08,TypeB
M-211,73.71,101.35,0.481,14.81,TypeB
M-132,72.21,89.8,0.402,13.33,TypeA
M-284,68.29,111.35,0.604,13.43,TypeA
M-052,70.84,107.38,0.613,15.35,TypeA
M-096,67.61,97.65,0.469,14.72,TypeC
M-229,69.85,101.3,0.458,14.94,TypeC
M-179,71.21,115.39,0.493,16.5,TypeC
M-243,73.51,102.65,0.388,14.85,TypeA
M-042,72.51,101.22,0.667,15.87,TypeA
M-090,73.54,97.12,0.544,15.03,TypeC
M-239,70.01,105.03,0.598,15.6,TypeA
M-137,69.65,108.14,0.526,13.77,TypeA
M-027,68.55,105.79,0.401,14.44,TypeC
M-309,118.33,166.72,2.543,36.47,TypeB
M-142,75.92,99.84,0.372,14.54,TypeC
M-221,78.94,91.65,0.448,16.11,TypeA
M-001,73.49,95.86,0.576,15.37,TypeC
M-283,76.76,103.16,0.451,15.92,TypeA
M-287,71.54,97.7,0.558,14.02,TypeB
M-101,67.75,92.03,0.448,16.4,TypeA
M-193,72.64,100.39,0.527,15.73,TypeB
M-289,72.84,104.15,0.559,15.55,TypeC
M-104,69.59,100.23,0.359,14.35,TypeC
M-172,69.55,88.49,0.444,15.48,TypeB
M-099,72.02,99.43,0.592,14.43,TypeA
M-037,72.63,95.87,0.582,13.98,TypeB
M-062,71.44,107.66,0.445,16.33,TypeA
M-151,72.75,99.69,0.408,14.37,TypeC
M-048,75.17,92.96,0.495,14.31,TypeB
M-223,74.06,96.69,0.73,15.64,TypeA
M-272,67.69,108.38,0.42,15.28,TypeC
M-012,70.6,105.49,0.494,15.22,TypeB
M-312,127.0,168.67,2.576,31.39,TypeB
M-201,73.07,104.63,0.594,16.0,TypeB
M-282,73.99,97.92,0.447,16.39,TypeA
M-028,73.13,103.96,0.487,15.38,TypeA
M-241,69.62,104.18,0.495,14.7,TypeB
M-005,71.3,99.9,0.541,15.19,TypeC
M-123,76.21,98.76,0.365,14.98,TypeA
M-033,71.96,100.38,0.484,13.55,TypeA
M-225,70.58,96.18,0.455,16.63,TypeA
M-163,75.48,96.5,0.756,16.15,TypeC
M-231,69.81,103.19,0.366,15.32,TypeC
M-269,70.68,90.65,0.566,15.59,TypeC
M-139,74.44,91.48,0.667,15.22,TypeB
M-063,68.68,99.46,0.497,15.2,TypeA
M-216,74.28,103.78,0.351,15.36,TypeA
M-136,76.65,100.37,0.547,16.57,TypeA
M-129,72.3,105.29,0.446,15.61,TypeA
M-306,126.53,184.95,2.245,31.71,TypeA
M-009,70.59,102.74,0.322,15.65,TypeC
M-071,73.08,100.12,0.625,15.13,TypeB
M-278,70.2,103.85,0.522,14.9,TypeA
M-065,74.44,103.45,0.429,14.91,TypeC
M-045,67.56,97.64,0.475,16.85,TypeB
M-015,66.83,106.53,0.745,14.9,TypeB
M-157,77.6,99.46,0.549,14.97,TypeB
M-041,74.22,95.89,0.466,13.72,TypeB
M-251,68.22,100.43,0.438,14.01,TypeA
M-124,67.79,104.86,0.574,17.14,TypeC
M-290,70.13,95.72,0.611,14.03,TypeC
M-217,69.68,102.5,0.527,17.4,TypeB
M-154,72.7,102.52,0.605,15.26,TypeB
M-024,67.73,110.46,0.635,14.3,TypeA
M-279,72.21,92.61,0.498,14.01,TypeA
M-111,66.24,103.56,0.521,16.32,TypeA
M-082,73.07,97.0,0.387,15.43,TypeA
M-237,65.92,95.7,0.655,16.19,TypeC
M-208,73.54,95.68,0.452,13.95,TypeA
M-213,74.86,98.81,0.645,15.87,TypeA
M-040,72.59,97.18,0.37,14.44,TypeC
M-288,73.76,95.75,0.464,14.78,TypeC
M-249,77.3,101.86,0.436,16.59,TypeA
M-252,74.75,99.22,0.444,12.85,TypeB
M-307,106.84,178.07,2.982,47.88,TypeB
M-202,73.68,109.55,0.448,12.1,TypeB
M-162,74.36,100.18,0.512,12.15,TypeC
M-044,71.1,97.47,0.35,14.9,TypeA
M-218,71.29,95.11,0.589,14.94,TypeB
M-191,70.66,99.96,0.543,14.93,TypeC
M-260,74.32,97.9,0.563,14.68,TypeC
M-106,73.21,103.11,0.561,15.39,TypeC
M-054,73.84,99.2,0.389,16.44,TypeB
M-002,71.59,97.2,0.408,14.61,TypeA
M-050,66.71,98.93,0.57,15.24,TypeC
M-081,71.34,95.8,0.572,15.79,TypeB
M-206,69.19,97.56,0.469,13.96,TypeB
M-035,74.47,104.88,0.399,15.44,TypeA
M-264,68.93,98.37,0.68,13.35,TypeA
M-092,74.91,102.46,0.616,12.96,TypeB
M-053,69.97,104.29,0.473,13.75,TypeB
M-265,71.24,106.01,0.439,16.02,TypeC
M-242,71.66,94.35,0.567,16.38,TypeB
M-014,66.26,104.07,0.387,16.58,TypeB
M-089,70.41,104.75,0.571,14.78,TypeA
M-274,72.03,98.9,0.427,14.94,TypeA
M-167,74.47,103.07,0.497,13.71,TypeA
M-310,112.33,189.47,2.106,34.53,TypeC
M-135,69.24,107.51,0.603,14.52,TypeC
M-303,128.54,176.95,1.848,41.57,TypeA
M-244,74.6,107.21,0.538,15.13,TypeB
M-055,75.09,99.9,0.757,14.92,TypeA
M-051,72.97,101.55,0.685,14.76,TypeA
M-175,72.83,108.22,0.562,16.0,TypeA
M-190,67.46,104.41,0.334,14.8,TypeC
M-314,107.11,160.95,2.987,31.35,TypeA
M-188,71.78,94.59,0.546,15.24,TypeA
M-170,69.74,97.12,0.681,15.35,TypeA
M-059,72.99,101.61,0.52,15.57,TypeB
M-049,73.03,96.41,0.477,14.95,TypeB
M-236,73.9,100.24,0.523,15.96,TypeB
M-253,78.37,105.84,0.436,14.36,TypeA
M-022,71.32,102.98,0.547,13.97,TypeB
M-161,69.08,109.82,0.442,15.77,TypeA
M-277,72.6,101.18,0.448,13.31,TypeC
M-192,74.57,107.4,0.521,14.96,TypeB
M-294,74.55,101.67,0.617,15.32,TypeC
M-258,69.88,97.84,0.547,17.25,TypeA
M-150,72.89,94.7,0.359,16.38,TypeC
M-131,67.35,94.08,0.52,14.74,TypeB
M-152,73.04,104.78,0.365,15.4,TypeA
M-100,71.3,106.19,0.482,15.57,TypeC
M-088,72.99,109.38,0.463,15.88,TypeB
M-215,71.05,97.12,0.603,15.15,TypeA
M-122,69.27,108.78,0.329,14.43,TypeB
M-315,123.42,185.68,1.693,46.01,TypeA
M-021,76.4,100.48,0.421,16.07,TypeB
M-189,69.46,108.44,0.493,14.74,TypeC
M-072,76.61,102.49,0.293,14.32,TypeC
M-107,77.66,94.66,0.372,15.9,TypeB
M-271,76.32,100.09,0.482,15.76,TypeA
M-103,70.97,100.03,0.43,15.06,TypeB
